<?xml version="1.0" encoding="UTF-8"?><rss version="2.0"
	xmlns:content="http://purl.org/rss/1.0/modules/content/"
	xmlns:wfw="http://wellformedweb.org/CommentAPI/"
	xmlns:dc="http://purl.org/dc/elements/1.1/"
	xmlns:atom="http://www.w3.org/2005/Atom"
	xmlns:sy="http://purl.org/rss/1.0/modules/syndication/"
	xmlns:slash="http://purl.org/rss/1.0/modules/slash/"
	
	xmlns:georss="http://www.georss.org/georss"
	xmlns:geo="http://www.w3.org/2003/01/geo/wgs84_pos#"
	>

<channel>
	<title>Prodotti &#8211; Sito panetteria</title>
	<atom:link href="http://localhost/eserciziowoocommercevenerdi/negozio/feed/?simply_static_page=725" rel="self" type="application/rss+xml" />
	<link>./../../index.html</link>
	<description></description>
	<lastBuildDate>Sat, 25 Mar 2023 10:53:47 +0000</lastBuildDate>
	<language>it-IT</language>
	<sy:updatePeriod>
	hourly	</sy:updatePeriod>
	<sy:updateFrequency>
	1	</sy:updateFrequency>
	<generator>https://wordpress.org/?v=6.1.1</generator>
	<item>
		<title>Cornetto</title>
		<link>./../../prodotto/cornetto/index.html</link>
					<comments>./../../prodotto/cornetto/index.html#respond</comments>
		
		<dc:creator><![CDATA[Roberta]]></dc:creator>
		<pubDate>Fri, 24 Mar 2023 22:28:10 +0000</pubDate>
				<guid isPermaLink="false">./../../index.html?post_type=product#038;p=151</guid>

					<description><![CDATA[Il cornetto è un dolce molto popolare in Italia e viene spesso consumato a colazione o come spuntino durante la giornata. In alcune regioni italiane, come ad esempio in Lombardia, il cornetto viene anche consumato salato, farcito con prosciutto e formaggio o altri ingredienti salati.]]></description>
										<content:encoded><![CDATA[<p>Il cornetto è solitamente preparato con farina, burro, zucchero, uova e lievito, e viene cotto in forno fino a quando non diventa dorato e croccante. A differenza del croissant francese, il cornetto è di solito dolce e viene spesso farcito con marmellata, crema pasticcera, cioccolato o altri ingredienti dolci.</p>
<p>Il cornetto è un dolce molto popolare in Italia e viene spesso consumato a colazione o come spuntino durante la giornata. In alcune regioni italiane, come ad esempio in Lombardia, il cornetto viene anche consumato salato, farcito con prosciutto e formaggio o altri ingredienti salati.</p>
]]></content:encoded>
					
					<wfw:commentRss>./../../prodotto/cornetto/feed/index.html</wfw:commentRss>
			<slash:comments>0</slash:comments>
		
		
			</item>
		<item>
		<title>Erbazzone</title>
		<link>./../../prodotto/erbazzone/index.html</link>
					<comments>./../../prodotto/erbazzone/index.html#respond</comments>
		
		<dc:creator><![CDATA[Roberta]]></dc:creator>
		<pubDate>Fri, 24 Mar 2023 22:06:33 +0000</pubDate>
				<guid isPermaLink="false">./../../index.html?post_type=product#038;p=147</guid>

					<description><![CDATA[L'erbazzone è una specialità gastronomica tipica della cucina ligure e emiliana, che consiste in una torta salata a base di verdure e formaggio. L'erbazzone è un piatto molto versatile, che può essere consumato sia caldo che freddo, come antipasto, piatto unico o contorno. Inoltre, può essere arricchito con l'aggiunta di altri ingredienti come pancetta, prosciutto cotto o funghi, a seconda delle preferenze personali.]]></description>
										<content:encoded><![CDATA[<p>L&#8217;erbazzone è una specialità gastronomica tipica della cucina ligure e emiliana, che consiste in una torta salata a base di verdure e formaggio.</p>
<p>Gli ingredienti principali dell&#8217;erbazzone sono gli spinaci o le bietole, la ricotta, il parmigiano grattugiato, le uova e la pasta sfoglia o la pasta brisée per la base della torta. Tuttavia, esistono molte varianti regionali e ogni cuoco può apportare delle modifiche personali alla ricetta.</p>
<p>Per preparare l&#8217;erbazzone, si inizia preparando la base della torta, che viene stesa e sistemata in una teglia. Poi si prepara il ripieno con gli spinaci o le bietole lessati e tritati, mescolati con la ricotta, il parmigiano, le uova e le spezie a piacere. Il ripieno viene poi versato sulla base della torta e la torta viene infornata per circa 40-50 minuti, fino a quando la superficie risulta dorata e croccante.</p>
<p>L&#8217;erbazzone è un piatto molto versatile, che può essere consumato sia caldo che freddo, come antipasto, piatto unico o contorno. Inoltre, può essere arricchito con l&#8217;aggiunta di altri ingredienti come pancetta, prosciutto cotto o funghi, a seconda delle preferenze personali.</p>
]]></content:encoded>
					
					<wfw:commentRss>./../../prodotto/erbazzone/feed/index.html</wfw:commentRss>
			<slash:comments>0</slash:comments>
		
		
			</item>
		<item>
		<title>Pizza</title>
		<link>./../../prodotto/pizza/index.html</link>
					<comments>./../../prodotto/pizza/index.html#respond</comments>
		
		<dc:creator><![CDATA[Roberta]]></dc:creator>
		<pubDate>Fri, 24 Mar 2023 19:22:13 +0000</pubDate>
				<guid isPermaLink="false">./../../index.html?post_type=product#038;p=139</guid>

					<description><![CDATA[La pizza è uno dei piatti italiani più amati e conosciuti nel mondo. Originaria della città di Napoli, la pizza è composta da una base di pasta di farina di grano, formata a forma di disco, che viene arricchita con diversi ingredienti a piacere, come pomodoro, mozzarella, salame, funghi e olive.]]></description>
										<content:encoded><![CDATA[<p>La pizza è uno dei piatti italiani più amati e conosciuti nel mondo. Originaria della città di Napoli, la pizza è composta da una base di pasta di farina di grano, formata a forma di disco, che viene arricchita con diversi ingredienti a piacere, come pomodoro, mozzarella, salame, funghi e olive.</p>
]]></content:encoded>
					
					<wfw:commentRss>./../../prodotto/pizza/feed/index.html</wfw:commentRss>
			<slash:comments>0</slash:comments>
		
		
			</item>
		<item>
		<title>Torta di riso</title>
		<link>./../../prodotto/torta-di-riso/index.html</link>
					<comments>./../../prodotto/torta-di-riso/index.html#respond</comments>
		
		<dc:creator><![CDATA[Roberta]]></dc:creator>
		<pubDate>Fri, 24 Mar 2023 19:09:48 +0000</pubDate>
				<guid isPermaLink="false">./../../index.html?post_type=product#038;p=135</guid>

					<description><![CDATA[La torta di riso è perfetta per la colazione, la merenda o come dessert a fine pasto. Viene servita spesso accompagnata con panna montata o con un pizzico di cannella in polvere. Questo dolce rappresenta un vero e proprio capolavoro della gastronomia italiana, simbolo della tradizione culinaria del nord Italia.]]></description>
										<content:encoded><![CDATA[<p>La torta di riso è una prelibatezza tipica del nord Italia, in particolare delle regioni Lombardia e Piemonte. Si tratta di un dolce a base di riso, uova, latte, zucchero, burro e a volte anche canditi, uvetta e scorze di agrumi.</p>
<p>L&#8217;origine della torta di riso risale al Rinascimento, quando era considerata uno dei dolci preferiti della corte di Milano. Oggi questa specialità è diffusa in tutte le regioni del nord Italia e viene apprezzata per il suo sapore delicato e la sua consistenza soffice.</p>
<p>La preparazione della torta di riso è relativamente semplice: il riso viene cotto nel latte fino a che diventa morbido, poi le uova, lo zucchero, il burro e gli altri ingredienti vengono aggiunti. L&#8217;impasto viene poi cotto in forno fino a che si forma una crosticina dorata in superficie.</p>
<p>La torta di riso è perfetta per la colazione, la merenda o come dessert a fine pasto. Viene servita spesso accompagnata con panna montata o con un pizzico di cannella in polvere. Questo dolce rappresenta un vero e proprio capolavoro della gastronomia italiana, simbolo della tradizione culinaria del nord Italia.</p>
]]></content:encoded>
					
					<wfw:commentRss>./../../prodotto/torta-di-riso/feed/index.html</wfw:commentRss>
			<slash:comments>0</slash:comments>
		
		
			</item>
		<item>
		<title>Gnocco fritto</title>
		<link>./../../prodotto/gnocco-fritto/index.html</link>
					<comments>./../../prodotto/gnocco-fritto/index.html#respond</comments>
		
		<dc:creator><![CDATA[Roberta]]></dc:creator>
		<pubDate>Fri, 24 Mar 2023 18:53:23 +0000</pubDate>
				<guid isPermaLink="false">./../../index.html?post_type=product#038;p=132</guid>

					<description><![CDATA[Lo gnocco fritto è una specialità culinaria tipica dell'Emilia Romagna. Si tratta di una pasta fritta, preparata con farina, acqua, sale e strutto (o olio di semi). Il suo sapore è delicato e neutro, ma la sua consistenza morbida e leggermente croccante rappresenta il perfetto contrasto a piatti di carne o formaggio dal gusto intenso.]]></description>
										<content:encoded><![CDATA[<p>Lo gnocco fritto è una specialità culinaria tipica dell&#8217;Emilia Romagna. Si tratta di una pasta fritta, preparata con farina, acqua, sale e strutto (o olio di semi). L&#8217;impasto viene steso in sfoglie sottili e tagliato a quadretti, che vengono poi fritti in olio bollente fino a doratura. Lo gnocco fritto è spesso servito come antipasto o accompagnamento a piatti di carne o formaggio, e spesso accompagnato da salumi tipici della regione come il prosciutto crudo o la mortadella.</p>
<p>Il suo sapore è delicato e neutro, ma la sua consistenza morbida e leggermente croccante rappresenta il perfetto contrasto a piatti di carne o formaggio dal gusto intenso. È un piatto semplice ma gustoso, che richiede tradizione e attenzione ai dettagli per la sua preparazione. Ancora oggi, molte famiglie emiliane tramandano di generazione in generazione le ricette e i segreti per la preparazione dello gnocco fritto, uno dei simboli dell&#8217;enogastronomia della regione.</p>
]]></content:encoded>
					
					<wfw:commentRss>./../../prodotto/gnocco-fritto/feed/index.html</wfw:commentRss>
			<slash:comments>0</slash:comments>
		
		
			</item>
		<item>
		<title>Torta tenerina</title>
		<link>./../../prodotto/torta-tenerina/index.html</link>
					<comments>./../../prodotto/torta-tenerina/index.html#respond</comments>
		
		<dc:creator><![CDATA[Roberta]]></dc:creator>
		<pubDate>Fri, 24 Mar 2023 18:43:37 +0000</pubDate>
				<guid isPermaLink="false">./../../index.html?post_type=product#038;p=130</guid>

					<description><![CDATA[La torta Tenerina è una deliziosa torta al cioccolato tipica dell'Emilia Romagna. È così chiamata perché la sua consistenza è davvero tenera e morbida, grazie all'assenza di farina nell'impasto, sostituita dalle mandorle tritate finemente. La sua consistenza delicata la rende estremamente piacevole da gustare, sciogliendosi in bocca.]]></description>
										<content:encoded><![CDATA[<p>La torta Tenerina è una deliziosa torta al cioccolato tipica dell&#8217;Emilia Romagna. È così chiamata perché la sua consistenza è davvero tenera e morbida, grazie all&#8217;assenza di farina nell&#8217;impasto, sostituita dalle mandorle tritate finemente. La torta Tenerina si prepara con ingredienti semplici ma di alta qualità: cioccolato fondente di qualità, burro, uova, zucchero e mandorle tritate. Il risultato è un dolce denso e umido, dall&#8217;intenso sapore di cioccolato, con una leggera crosticina in superficie. La sua consistenza delicata la rende estremamente piacevole da gustare, sciogliendosi in bocca. Spesso si accompagna con una crema al mascarpone o al cioccolato e una spolverata di cacao in polvere per rendere l&#8217;esperienza ancora più gustosa.</p>
]]></content:encoded>
					
					<wfw:commentRss>./../../prodotto/torta-tenerina/feed/index.html</wfw:commentRss>
			<slash:comments>0</slash:comments>
		
		
			</item>
		<item>
		<title>Torta di mele</title>
		<link>./../../prodotto/torta-di-mele/index.html</link>
					<comments>./../../prodotto/torta-di-mele/index.html#respond</comments>
		
		<dc:creator><![CDATA[Roberta]]></dc:creator>
		<pubDate>Fri, 24 Mar 2023 18:28:37 +0000</pubDate>
				<guid isPermaLink="false">./../../index.html?post_type=product#038;p=129</guid>

					<description><![CDATA[La torta di mele è un dolce classico della tradizione culinaria che si prepara con farina, zucchero, burro, uova e mele. La sua consistenza è soffice e umida grazie alla presenza delle mele tagliate a cubetti che si fondono perfettamente con la pasta dolce. Provala e rimarrai conquistato dal suo gusto unico ed irresistibile!]]></description>
										<content:encoded><![CDATA[<p>La torta di mele è un dolce classico della tradizione culinaria che si prepara con farina, zucchero, burro, uova e mele. La sua consistenza è soffice e umida grazie alla presenza delle mele tagliate a cubetti che si fondono perfettamente con la pasta dolce. Solitamente la torta viene arricchita con cannella e vaniglia, che donano un profumo irresistibile. La superficie può essere spolverata con zucchero a velo o guarnita con fettine di mele disposte a raggiera. La torta di mele è ideale per la colazione o per una pausa dolce, ma può anche diventare un&#8217;ottima base per creare dessert più elaborati.</p>
]]></content:encoded>
					
					<wfw:commentRss>./../../prodotto/torta-di-mele/feed/index.html</wfw:commentRss>
			<slash:comments>0</slash:comments>
		
		
			</item>
		<item>
		<title>Pane di tumminia</title>
		<link>./../../prodotto/pane-di-tumminia/index.html</link>
					<comments>./../../prodotto/pane-di-tumminia/index.html#respond</comments>
		
		<dc:creator><![CDATA[Roberta]]></dc:creator>
		<pubDate>Fri, 24 Mar 2023 16:37:02 +0000</pubDate>
				<guid isPermaLink="false">./../../index.html?post_type=product#038;p=120</guid>

					<description><![CDATA[Il pane di Tumminia è prodotto con un grano duro antico tipico siciliano, dal quale si produce una farina di semola ricca di germe di grano, di vitamine del gruppo b e sali minerali, ricca di fibra, con un buon indice proteico ma con un basso contenuto di glutine.]]></description>
										<content:encoded><![CDATA[<p>Il pane di Tumminia è prodotto con un grano duro antico tipico siciliano, dal quale si produce una farina di semola ricca di germe di grano, di vitamine del gruppo b e sali minerali, ricca di fibra, con un buon indice proteico ma con un basso contenuto di glutine.</p>
]]></content:encoded>
					
					<wfw:commentRss>./../../prodotto/pane-di-tumminia/feed/index.html</wfw:commentRss>
			<slash:comments>0</slash:comments>
		
		
			</item>
		<item>
		<title>Pane ai cereali</title>
		<link>./../../prodotto/pane-ai-cereali/index.html</link>
					<comments>./../../prodotto/pane-ai-cereali/index.html#respond</comments>
		
		<dc:creator><![CDATA[Roberta]]></dc:creator>
		<pubDate>Fri, 24 Mar 2023 16:21:02 +0000</pubDate>
				<guid isPermaLink="false">./../../index.html?post_type=product#038;p=116</guid>

					<description><![CDATA[Il pane ai cereali è un tipo di pane che contiene una miscela di farine di cereali, oltre alla farina di grano comune. Questi cereali possono includere grano saraceno, segale, orzo, farro, avena e altri cereali integrali. Il pane ai cereali può avere un sapore leggermente più intenso rispetto al pane bianco tradizionale, grazie alla presenza di questi cereali.]]></description>
										<content:encoded><![CDATA[<p>Il pane ai cereali è un tipo di pane che contiene una miscela di farine di cereali, oltre alla farina di grano comune. Questi cereali possono includere grano saraceno, segale, orzo, farro, avena e altri cereali integrali. Il pane ai cereali può avere un sapore leggermente più intenso rispetto al pane bianco tradizionale, grazie alla presenza di questi cereali.</p>
<p>Il pane ai cereali è spesso considerato più salutare rispetto al pane bianco, poiché contiene più fibre e nutrienti. Inoltre, i cereali integrali sono spesso associati a una serie di benefici per la salute, come la riduzione del rischio di malattie cardiache, diabete e obesità.</p>
]]></content:encoded>
					
					<wfw:commentRss>./../../prodotto/pane-ai-cereali/feed/index.html</wfw:commentRss>
			<slash:comments>0</slash:comments>
		
		
			</item>
	</channel>
</rss>
