<?xml version="1.0" encoding="UTF-8"?><rss version="2.0"
	xmlns:content="http://purl.org/rss/1.0/modules/content/"
	xmlns:wfw="http://wellformedweb.org/CommentAPI/"
	xmlns:dc="http://purl.org/dc/elements/1.1/"
	xmlns:atom="http://www.w3.org/2005/Atom"
	xmlns:sy="http://purl.org/rss/1.0/modules/syndication/"
	xmlns:slash="http://purl.org/rss/1.0/modules/slash/"
	
	xmlns:georss="http://www.georss.org/georss"
	xmlns:geo="http://www.w3.org/2003/01/geo/wgs84_pos#"
	>

<channel>
	<title>Salato &#8211; Sito panetteria</title>
	<atom:link href="http://localhost/eserciziowoocommercevenerdi/categoria-prodotto/salato/feed/?simply_static_page=834" rel="self" type="application/rss+xml" />
	<link>./../../../index.html</link>
	<description></description>
	<lastBuildDate>Sat, 25 Mar 2023 10:53:47 +0000</lastBuildDate>
	<language>it-IT</language>
	<sy:updatePeriod>
	hourly	</sy:updatePeriod>
	<sy:updateFrequency>
	1	</sy:updateFrequency>
	<generator>https://wordpress.org/?v=6.1.1</generator>
	<item>
		<title>Erbazzone</title>
		<link>./../../../prodotto/erbazzone/index.html</link>
					<comments>./../../../prodotto/erbazzone/index.html#respond</comments>
		
		<dc:creator><![CDATA[Roberta]]></dc:creator>
		<pubDate>Fri, 24 Mar 2023 22:06:33 +0000</pubDate>
				<guid isPermaLink="false">./../../../index.html?post_type=product#038;p=147</guid>

					<description><![CDATA[L'erbazzone è una specialità gastronomica tipica della cucina ligure e emiliana, che consiste in una torta salata a base di verdure e formaggio. L'erbazzone è un piatto molto versatile, che può essere consumato sia caldo che freddo, come antipasto, piatto unico o contorno. Inoltre, può essere arricchito con l'aggiunta di altri ingredienti come pancetta, prosciutto cotto o funghi, a seconda delle preferenze personali.]]></description>
										<content:encoded><![CDATA[<p>L&#8217;erbazzone è una specialità gastronomica tipica della cucina ligure e emiliana, che consiste in una torta salata a base di verdure e formaggio.</p>
<p>Gli ingredienti principali dell&#8217;erbazzone sono gli spinaci o le bietole, la ricotta, il parmigiano grattugiato, le uova e la pasta sfoglia o la pasta brisée per la base della torta. Tuttavia, esistono molte varianti regionali e ogni cuoco può apportare delle modifiche personali alla ricetta.</p>
<p>Per preparare l&#8217;erbazzone, si inizia preparando la base della torta, che viene stesa e sistemata in una teglia. Poi si prepara il ripieno con gli spinaci o le bietole lessati e tritati, mescolati con la ricotta, il parmigiano, le uova e le spezie a piacere. Il ripieno viene poi versato sulla base della torta e la torta viene infornata per circa 40-50 minuti, fino a quando la superficie risulta dorata e croccante.</p>
<p>L&#8217;erbazzone è un piatto molto versatile, che può essere consumato sia caldo che freddo, come antipasto, piatto unico o contorno. Inoltre, può essere arricchito con l&#8217;aggiunta di altri ingredienti come pancetta, prosciutto cotto o funghi, a seconda delle preferenze personali.</p>
]]></content:encoded>
					
					<wfw:commentRss>./../../../prodotto/erbazzone/feed/index.html</wfw:commentRss>
			<slash:comments>0</slash:comments>
		
		
			</item>
		<item>
		<title>Pizza</title>
		<link>./../../../prodotto/pizza/index.html</link>
					<comments>./../../../prodotto/pizza/index.html#respond</comments>
		
		<dc:creator><![CDATA[Roberta]]></dc:creator>
		<pubDate>Fri, 24 Mar 2023 19:22:13 +0000</pubDate>
				<guid isPermaLink="false">./../../../index.html?post_type=product#038;p=139</guid>

					<description><![CDATA[La pizza è uno dei piatti italiani più amati e conosciuti nel mondo. Originaria della città di Napoli, la pizza è composta da una base di pasta di farina di grano, formata a forma di disco, che viene arricchita con diversi ingredienti a piacere, come pomodoro, mozzarella, salame, funghi e olive.]]></description>
										<content:encoded><![CDATA[<p>La pizza è uno dei piatti italiani più amati e conosciuti nel mondo. Originaria della città di Napoli, la pizza è composta da una base di pasta di farina di grano, formata a forma di disco, che viene arricchita con diversi ingredienti a piacere, come pomodoro, mozzarella, salame, funghi e olive.</p>
]]></content:encoded>
					
					<wfw:commentRss>./../../../prodotto/pizza/feed/index.html</wfw:commentRss>
			<slash:comments>0</slash:comments>
		
		
			</item>
		<item>
		<title>Gnocco fritto</title>
		<link>./../../../prodotto/gnocco-fritto/index.html</link>
					<comments>./../../../prodotto/gnocco-fritto/index.html#respond</comments>
		
		<dc:creator><![CDATA[Roberta]]></dc:creator>
		<pubDate>Fri, 24 Mar 2023 18:53:23 +0000</pubDate>
				<guid isPermaLink="false">./../../../index.html?post_type=product#038;p=132</guid>

					<description><![CDATA[Lo gnocco fritto è una specialità culinaria tipica dell'Emilia Romagna. Si tratta di una pasta fritta, preparata con farina, acqua, sale e strutto (o olio di semi). Il suo sapore è delicato e neutro, ma la sua consistenza morbida e leggermente croccante rappresenta il perfetto contrasto a piatti di carne o formaggio dal gusto intenso.]]></description>
										<content:encoded><![CDATA[<p>Lo gnocco fritto è una specialità culinaria tipica dell&#8217;Emilia Romagna. Si tratta di una pasta fritta, preparata con farina, acqua, sale e strutto (o olio di semi). L&#8217;impasto viene steso in sfoglie sottili e tagliato a quadretti, che vengono poi fritti in olio bollente fino a doratura. Lo gnocco fritto è spesso servito come antipasto o accompagnamento a piatti di carne o formaggio, e spesso accompagnato da salumi tipici della regione come il prosciutto crudo o la mortadella.</p>
<p>Il suo sapore è delicato e neutro, ma la sua consistenza morbida e leggermente croccante rappresenta il perfetto contrasto a piatti di carne o formaggio dal gusto intenso. È un piatto semplice ma gustoso, che richiede tradizione e attenzione ai dettagli per la sua preparazione. Ancora oggi, molte famiglie emiliane tramandano di generazione in generazione le ricette e i segreti per la preparazione dello gnocco fritto, uno dei simboli dell&#8217;enogastronomia della regione.</p>
]]></content:encoded>
					
					<wfw:commentRss>./../../../prodotto/gnocco-fritto/feed/index.html</wfw:commentRss>
			<slash:comments>0</slash:comments>
		
		
			</item>
		<item>
		<title>Pane di tumminia</title>
		<link>./../../../prodotto/pane-di-tumminia/index.html</link>
					<comments>./../../../prodotto/pane-di-tumminia/index.html#respond</comments>
		
		<dc:creator><![CDATA[Roberta]]></dc:creator>
		<pubDate>Fri, 24 Mar 2023 16:37:02 +0000</pubDate>
				<guid isPermaLink="false">./../../../index.html?post_type=product#038;p=120</guid>

					<description><![CDATA[Il pane di Tumminia è prodotto con un grano duro antico tipico siciliano, dal quale si produce una farina di semola ricca di germe di grano, di vitamine del gruppo b e sali minerali, ricca di fibra, con un buon indice proteico ma con un basso contenuto di glutine.]]></description>
										<content:encoded><![CDATA[<p>Il pane di Tumminia è prodotto con un grano duro antico tipico siciliano, dal quale si produce una farina di semola ricca di germe di grano, di vitamine del gruppo b e sali minerali, ricca di fibra, con un buon indice proteico ma con un basso contenuto di glutine.</p>
]]></content:encoded>
					
					<wfw:commentRss>./../../../prodotto/pane-di-tumminia/feed/index.html</wfw:commentRss>
			<slash:comments>0</slash:comments>
		
		
			</item>
		<item>
		<title>Pane ai cereali</title>
		<link>./../../../prodotto/pane-ai-cereali/index.html</link>
					<comments>./../../../prodotto/pane-ai-cereali/index.html#respond</comments>
		
		<dc:creator><![CDATA[Roberta]]></dc:creator>
		<pubDate>Fri, 24 Mar 2023 16:21:02 +0000</pubDate>
				<guid isPermaLink="false">./../../../index.html?post_type=product#038;p=116</guid>

					<description><![CDATA[Il pane ai cereali è un tipo di pane che contiene una miscela di farine di cereali, oltre alla farina di grano comune. Questi cereali possono includere grano saraceno, segale, orzo, farro, avena e altri cereali integrali. Il pane ai cereali può avere un sapore leggermente più intenso rispetto al pane bianco tradizionale, grazie alla presenza di questi cereali.]]></description>
										<content:encoded><![CDATA[<p>Il pane ai cereali è un tipo di pane che contiene una miscela di farine di cereali, oltre alla farina di grano comune. Questi cereali possono includere grano saraceno, segale, orzo, farro, avena e altri cereali integrali. Il pane ai cereali può avere un sapore leggermente più intenso rispetto al pane bianco tradizionale, grazie alla presenza di questi cereali.</p>
<p>Il pane ai cereali è spesso considerato più salutare rispetto al pane bianco, poiché contiene più fibre e nutrienti. Inoltre, i cereali integrali sono spesso associati a una serie di benefici per la salute, come la riduzione del rischio di malattie cardiache, diabete e obesità.</p>
]]></content:encoded>
					
					<wfw:commentRss>./../../../prodotto/pane-ai-cereali/feed/index.html</wfw:commentRss>
			<slash:comments>0</slash:comments>
		
		
			</item>
	</channel>
</rss>
